,Unnamed: 0,file_name,breed_name,type,sample_count
200,200,n02085936_3863,Maltese_dog,train,252.0
201,201,n02085936_3677,Maltese_dog,train,252.0
202,202,n02085936_8224,Maltese_dog,train,252.0
203,203,n02085936_20313,Maltese_dog,train,252.0
204,204,n02085936_1288,Maltese_dog,train,252.0
205,205,n02085936_233,Maltese_dog,train,252.0
206,206,n02085936_4245,Maltese_dog,train,252.0
207,207,n02085936_7537,Maltese_dog,train,252.0
208,208,n02085936_10273,Maltese_dog,train,252.0
209,209,n02085936_6514,Maltese_dog,train,252.0
210,210,n02085936_338,Maltese_dog,train,252.0
211,211,n02085936_24178,Maltese_dog,train,252.0
212,212,n02085936_2832,Maltese_dog,train,252.0
213,213,n02085936_461,Maltese_dog,train,252.0
214,214,n02085936_7142,Maltese_dog,train,252.0
215,215,n02085936_2203,Maltese_dog,train,252.0
216,216,n02085936_2636,Maltese_dog,train,252.0
217,217,n02085936_6424,Maltese_dog,train,252.0
218,218,n02085936_19558,Maltese_dog,train,252.0
219,219,n02085936_6464,Maltese_dog,train,252.0
220,220,n02085936_5596,Maltese_dog,train,252.0
221,221,n02085936_5012,Maltese_dog,train,252.0
222,222,n02085936_16190,Maltese_dog,train,252.0
223,223,n02085936_1244,Maltese_dog,train,252.0
224,224,n02085936_6942,Maltese_dog,train,252.0
225,225,n02085936_7442,Maltese_dog,train,252.0
226,226,n02085936_4271,Maltese_dog,train,252.0
227,227,n02085936_2905,Maltese_dog,train,252.0
228,228,n02085936_9481,Maltese_dog,train,252.0
229,229,n02085936_14432,Maltese_dog,train,252.0
230,230,n02085936_2135,Maltese_dog,train,252.0
231,231,n02085936_9088,Maltese_dog,train,252.0
232,232,n02085936_126,Maltese_dog,train,252.0
233,233,n02085936_4257,Maltese_dog,train,252.0
234,234,n02085936_11744,Maltese_dog,train,252.0
235,235,n02085936_2154,Maltese_dog,train,252.0
236,236,n02085936_4569,Maltese_dog,train,252.0
237,237,n02085936_137,Maltese_dog,train,252.0
238,238,n02085936_1556,Maltese_dog,train,252.0
239,239,n02085936_4351,Maltese_dog,train,252.0
240,240,n02085936_6927,Maltese_dog,train,252.0
241,241,n02085936_8417,Maltese_dog,train,252.0
242,242,n02085936_10073,Maltese_dog,train,252.0
243,243,n02085936_9590,Maltese_dog,train,252.0
244,244,n02085936_4929,Maltese_dog,train,252.0
245,245,n02085936_8756,Maltese_dog,train,252.0
246,246,n02085936_6405,Maltese_dog,train,252.0
247,247,n02085936_3394,Maltese_dog,train,252.0
248,248,n02085936_16355,Maltese_dog,train,252.0
249,249,n02085936_5010,Maltese_dog,train,252.0
250,250,n02085936_3292,Maltese_dog,train,252.0
251,251,n02085936_771,Maltese_dog,train,252.0
252,252,n02085936_4474,Maltese_dog,train,252.0
253,253,n02085936_17059,Maltese_dog,train,252.0
254,254,n02085936_3391,Maltese_dog,train,252.0
255,255,n02085936_544,Maltese_dog,train,252.0
256,256,n02085936_20102,Maltese_dog,train,252.0
257,257,n02085936_7515,Maltese_dog,train,252.0
258,258,n02085936_5545,Maltese_dog,train,252.0
259,259,n02085936_17631,Maltese_dog,train,252.0
260,260,n02085936_2889,Maltese_dog,train,252.0
261,261,n02085936_4490,Maltese_dog,train,252.0
262,262,n02085936_10307,Maltese_dog,train,252.0
263,263,n02085936_8365,Maltese_dog,train,252.0
264,264,n02085936_2927,Maltese_dog,train,252.0
265,265,n02085936_4608,Maltese_dog,train,252.0
266,266,n02085936_3315,Maltese_dog,train,252.0
267,267,n02085936_17116,Maltese_dog,train,252.0
268,268,n02085936_10646,Maltese_dog,train,252.0
269,269,n02085936_21320,Maltese_dog,train,252.0
270,270,n02085936_5582,Maltese_dog,train,252.0
271,271,n02085936_2422,Maltese_dog,train,252.0
272,272,n02085936_4188,Maltese_dog,train,252.0
273,273,n02085936_2627,Maltese_dog,train,252.0
274,274,n02085936_8900,Maltese_dog,train,252.0
275,275,n02085936_8248,Maltese_dog,train,252.0
276,276,n02085936_10148,Maltese_dog,train,252.0
277,277,n02085936_4318,Maltese_dog,train,252.0
278,278,n02085936_18640,Maltese_dog,train,252.0
279,279,n02085936_3470,Maltese_dog,train,252.0
280,280,n02085936_7394,Maltese_dog,train,252.0
281,281,n02085936_517,Maltese_dog,train,252.0
282,282,n02085936_7865,Maltese_dog,train,252.0
283,283,n02085936_6650,Maltese_dog,train,252.0
284,284,n02085936_1390,Maltese_dog,train,252.0
285,285,n02085936_1549,Maltese_dog,train,252.0
286,286,n02085936_8745,Maltese_dog,train,252.0
287,287,n02085936_16565,Maltese_dog,train,252.0
288,288,n02085936_3698,Maltese_dog,train,252.0
289,289,n02085936_8507,Maltese_dog,train,252.0
290,290,n02085936_7272,Maltese_dog,train,252.0
291,291,n02085936_797,Maltese_dog,train,252.0
292,292,n02085936_8616,Maltese_dog,train,252.0
293,293,n02085936_6569,Maltese_dog,train,252.0
294,294,n02085936_9632,Maltese_dog,train,252.0
295,295,n02085936_2465,Maltese_dog,train,252.0
296,296,n02085936_5250,Maltese_dog,train,252.0
297,297,n02085936_10610,Maltese_dog,train,252.0
298,298,n02085936_10377,Maltese_dog,train,252.0
299,299,n02085936_2167,Maltese_dog,train,252.0
900,900,n02088094_4464,Afghan_hound,train,239.0
901,901,n02088094_4517,Afghan_hound,train,239.0
902,902,n02088094_4426,Afghan_hound,train,239.0
903,903,n02088094_357,Afghan_hound,train,239.0
904,904,n02088094_6241,Afghan_hound,train,239.0
905,905,n02088094_4467,Afghan_hound,train,239.0
906,906,n02088094_13742,Afghan_hound,train,239.0
907,907,n02088094_2559,Afghan_hound,train,239.0
908,908,n02088094_7260,Afghan_hound,train,239.0
909,909,n02088094_4678,Afghan_hound,train,239.0
910,910,n02088094_472,Afghan_hound,train,239.0
911,911,n02088094_3233,Afghan_hound,train,239.0
912,912,n02088094_13879,Afghan_hound,train,239.0
913,913,n02088094_1234,Afghan_hound,train,239.0
914,914,n02088094_908,Afghan_hound,train,239.0
915,915,n02088094_4352,Afghan_hound,train,239.0
916,916,n02088094_2292,Afghan_hound,train,239.0
917,917,n02088094_1618,Afghan_hound,train,239.0
918,918,n02088094_1167,Afghan_hound,train,239.0
919,919,n02088094_4759,Afghan_hound,train,239.0
920,920,n02088094_4406,Afghan_hound,train,239.0
921,921,n02088094_11006,Afghan_hound,train,239.0
922,922,n02088094_10982,Afghan_hound,train,239.0
923,923,n02088094_6430,Afghan_hound,train,239.0
924,924,n02088094_3201,Afghan_hound,train,239.0
925,925,n02088094_7131,Afghan_hound,train,239.0
926,926,n02088094_60,Afghan_hound,train,239.0
927,927,n02088094_4511,Afghan_hound,train,239.0
928,928,n02088094_7894,Afghan_hound,train,239.0
929,929,n02088094_13011,Afghan_hound,train,239.0
930,930,n02088094_3588,Afghan_hound,train,239.0
931,931,n02088094_13442,Afghan_hound,train,239.0
932,932,n02088094_875,Afghan_hound,train,239.0
933,933,n02088094_9523,Afghan_hound,train,239.0
934,934,n02088094_537,Afghan_hound,train,239.0
935,935,n02088094_3629,Afghan_hound,train,239.0
936,936,n02088094_1335,Afghan_hound,train,239.0
937,937,n02088094_5517,Afghan_hound,train,239.0
938,938,n02088094_3856,Afghan_hound,train,239.0
939,939,n02088094_4396,Afghan_hound,train,239.0
940,940,n02088094_266,Afghan_hound,train,239.0
941,941,n02088094_185,Afghan_hound,train,239.0
942,942,n02088094_1259,Afghan_hound,train,239.0
943,943,n02088094_8362,Afghan_hound,train,239.0
944,944,n02088094_251,Afghan_hound,train,239.0
945,945,n02088094_3653,Afghan_hound,train,239.0
946,946,n02088094_1907,Afghan_hound,train,239.0
947,947,n02088094_3641,Afghan_hound,train,239.0
948,948,n02088094_12945,Afghan_hound,train,239.0
949,949,n02088094_688,Afghan_hound,train,239.0
950,950,n02088094_4497,Afghan_hound,train,239.0
951,951,n02088094_5150,Afghan_hound,train,239.0
952,952,n02088094_522,Afghan_hound,train,239.0
953,953,n02088094_294,Afghan_hound,train,239.0
954,954,n02088094_6035,Afghan_hound,train,239.0
955,955,n02088094_482,Afghan_hound,train,239.0
956,956,n02088094_11584,Afghan_hound,train,239.0
957,957,n02088094_3596,Afghan_hound,train,239.0
958,958,n02088094_1823,Afghan_hound,train,239.0
959,959,n02088094_11172,Afghan_hound,train,239.0
960,960,n02088094_3630,Afghan_hound,train,239.0
961,961,n02088094_7683,Afghan_hound,train,239.0
962,962,n02088094_1254,Afghan_hound,train,239.0
963,963,n02088094_1145,Afghan_hound,train,239.0
964,964,n02088094_3252,Afghan_hound,train,239.0
965,965,n02088094_173,Afghan_hound,train,239.0
966,966,n02088094_4314,Afghan_hound,train,239.0
967,967,n02088094_11432,Afghan_hound,train,239.0
968,968,n02088094_10715,Afghan_hound,train,239.0
969,969,n02088094_1301,Afghan_hound,train,239.0
970,970,n02088094_3749,Afghan_hound,train,239.0
971,971,n02088094_5812,Afghan_hound,train,239.0
972,972,n02088094_1534,Afghan_hound,train,239.0
973,973,n02088094_4072,Afghan_hound,train,239.0
974,974,n02088094_8631,Afghan_hound,train,239.0
975,975,n02088094_5285,Afghan_hound,train,239.0
976,976,n02088094_4583,Afghan_hound,train,239.0
977,977,n02088094_227,Afghan_hound,train,239.0
978,978,n02088094_1430,Afghan_hound,train,239.0
979,979,n02088094_6690,Afghan_hound,train,239.0
980,980,n02088094_3613,Afghan_hound,train,239.0
981,981,n02088094_3944,Afghan_hound,train,239.0
982,982,n02088094_4219,Afghan_hound,train,239.0
983,983,n02088094_1406,Afghan_hound,train,239.0
984,984,n02088094_5504,Afghan_hound,train,239.0
985,985,n02088094_1270,Afghan_hound,train,239.0
986,986,n02088094_305,Afghan_hound,train,239.0
987,987,n02088094_2803,Afghan_hound,train,239.0
988,988,n02088094_3850,Afghan_hound,train,239.0
989,989,n02088094_392,Afghan_hound,train,239.0
990,990,n02088094_6485,Afghan_hound,train,239.0
991,991,n02088094_1724,Afghan_hound,train,239.0
992,992,n02088094_8682,Afghan_hound,train,239.0
993,993,n02088094_1932,Afghan_hound,train,239.0
994,994,n02088094_4049,Afghan_hound,train,239.0
995,995,n02088094_3500,Afghan_hound,train,239.0
996,996,n02088094_2522,Afghan_hound,train,239.0
997,997,n02088094_5436,Afghan_hound,train,239.0
998,998,n02088094_4635,Afghan_hound,train,239.0
999,999,n02088094_4598,Afghan_hound,train,239.0
2600,2600,n02092002_692,Scottish_deerhound,train,232.0
2601,2601,n02092002_4338,Scottish_deerhound,train,232.0
2602,2602,n02092002_6955,Scottish_deerhound,train,232.0
2603,2603,n02092002_4921,Scottish_deerhound,train,232.0
2604,2604,n02092002_2723,Scottish_deerhound,train,232.0
2605,2605,n02092002_1828,Scottish_deerhound,train,232.0
2606,2606,n02092002_13159,Scottish_deerhound,train,232.0
2607,2607,n02092002_15064,Scottish_deerhound,train,232.0
2608,2608,n02092002_2666,Scottish_deerhound,train,232.0
2609,2609,n02092002_9071,Scottish_deerhound,train,232.0
2610,2610,n02092002_5202,Scottish_deerhound,train,232.0
2611,2611,n02092002_5226,Scottish_deerhound,train,232.0
2612,2612,n02092002_14567,Scottish_deerhound,train,232.0
2613,2613,n02092002_6698,Scottish_deerhound,train,232.0
2614,2614,n02092002_7667,Scottish_deerhound,train,232.0
2615,2615,n02092002_6585,Scottish_deerhound,train,232.0
2616,2616,n02092002_86,Scottish_deerhound,train,232.0
2617,2617,n02092002_1592,Scottish_deerhound,train,232.0
2618,2618,n02092002_662,Scottish_deerhound,train,232.0
2619,2619,n02092002_1608,Scottish_deerhound,train,232.0
2620,2620,n02092002_6723,Scottish_deerhound,train,232.0
2621,2621,n02092002_3494,Scottish_deerhound,train,232.0
2622,2622,n02092002_6041,Scottish_deerhound,train,232.0
2623,2623,n02092002_817,Scottish_deerhound,train,232.0
2624,2624,n02092002_6503,Scottish_deerhound,train,232.0
2625,2625,n02092002_7791,Scottish_deerhound,train,232.0
2626,2626,n02092002_4596,Scottish_deerhound,train,232.0
2627,2627,n02092002_6963,Scottish_deerhound,train,232.0
2628,2628,n02092002_6978,Scottish_deerhound,train,232.0
2629,2629,n02092002_9863,Scottish_deerhound,train,232.0
2630,2630,n02092002_7751,Scottish_deerhound,train,232.0
2631,2631,n02092002_1962,Scottish_deerhound,train,232.0
2632,2632,n02092002_983,Scottish_deerhound,train,232.0
2633,2633,n02092002_3301,Scottish_deerhound,train,232.0
2634,2634,n02092002_1242,Scottish_deerhound,train,232.0
2635,2635,n02092002_1153,Scottish_deerhound,train,232.0
2636,2636,n02092002_2448,Scottish_deerhound,train,232.0
2637,2637,n02092002_6625,Scottish_deerhound,train,232.0
2638,2638,n02092002_5915,Scottish_deerhound,train,232.0
2639,2639,n02092002_13380,Scottish_deerhound,train,232.0
2640,2640,n02092002_11105,Scottish_deerhound,train,232.0
2641,2641,n02092002_11459,Scottish_deerhound,train,232.0
2642,2642,n02092002_2590,Scottish_deerhound,train,232.0
2643,2643,n02092002_6695,Scottish_deerhound,train,232.0
2644,2644,n02092002_6518,Scottish_deerhound,train,232.0
2645,2645,n02092002_15010,Scottish_deerhound,train,232.0
2646,2646,n02092002_1727,Scottish_deerhound,train,232.0
2647,2647,n02092002_6735,Scottish_deerhound,train,232.0
2648,2648,n02092002_4218,Scottish_deerhound,train,232.0
2649,2649,n02092002_759,Scottish_deerhound,train,232.0
2650,2650,n02092002_3968,Scottish_deerhound,train,232.0
2651,2651,n02092002_2558,Scottish_deerhound,train,232.0
2652,2652,n02092002_12828,Scottish_deerhound,train,232.0
2653,2653,n02092002_4134,Scottish_deerhound,train,232.0
2654,2654,n02092002_2217,Scottish_deerhound,train,232.0
2655,2655,n02092002_9785,Scottish_deerhound,train,232.0
2656,2656,n02092002_4337,Scottish_deerhound,train,232.0
2657,2657,n02092002_14858,Scottish_deerhound,train,232.0
2658,2658,n02092002_4131,Scottish_deerhound,train,232.0
2659,2659,n02092002_7099,Scottish_deerhound,train,232.0
2660,2660,n02092002_6575,Scottish_deerhound,train,232.0
2661,2661,n02092002_885,Scottish_deerhound,train,232.0
2662,2662,n02092002_5152,Scottish_deerhound,train,232.0
2663,2663,n02092002_7165,Scottish_deerhound,train,232.0
2664,2664,n02092002_6114,Scottish_deerhound,train,232.0
2665,2665,n02092002_15354,Scottish_deerhound,train,232.0
2666,2666,n02092002_305,Scottish_deerhound,train,232.0
2667,2667,n02092002_3861,Scottish_deerhound,train,232.0
2668,2668,n02092002_7314,Scottish_deerhound,train,232.0
2669,2669,n02092002_109,Scottish_deerhound,train,232.0
2670,2670,n02092002_6895,Scottish_deerhound,train,232.0
2671,2671,n02092002_11245,Scottish_deerhound,train,232.0
2672,2672,n02092002_10693,Scottish_deerhound,train,232.0
2673,2673,n02092002_2097,Scottish_deerhound,train,232.0
2674,2674,n02092002_4230,Scottish_deerhound,train,232.0
2675,2675,n02092002_3988,Scottish_deerhound,train,232.0
2676,2676,n02092002_6609,Scottish_deerhound,train,232.0
2677,2677,n02092002_1583,Scottish_deerhound,train,232.0
2678,2678,n02092002_2981,Scottish_deerhound,train,232.0
2679,2679,n02092002_5246,Scottish_deerhound,train,232.0
2680,2680,n02092002_13372,Scottish_deerhound,train,232.0
2681,2681,n02092002_14825,Scottish_deerhound,train,232.0
2682,2682,n02092002_3460,Scottish_deerhound,train,232.0
2683,2683,n02092002_7160,Scottish_deerhound,train,232.0
2684,2684,n02092002_14917,Scottish_deerhound,train,232.0
2685,2685,n02092002_6621,Scottish_deerhound,train,232.0
2686,2686,n02092002_4745,Scottish_deerhound,train,232.0
2687,2687,n02092002_11087,Scottish_deerhound,train,232.0
2688,2688,n02092002_700,Scottish_deerhound,train,232.0
2689,2689,n02092002_7172,Scottish_deerhound,train,232.0
2690,2690,n02092002_49,Scottish_deerhound,train,232.0
2691,2691,n02092002_5960,Scottish_deerhound,train,232.0
2692,2692,n02092002_6001,Scottish_deerhound,train,232.0
2693,2693,n02092002_5664,Scottish_deerhound,train,232.0
2694,2694,n02092002_4118,Scottish_deerhound,train,232.0
2695,2695,n02092002_10911,Scottish_deerhound,train,232.0
2696,2696,n02092002_14315,Scottish_deerhound,train,232.0
2697,2697,n02092002_7181,Scottish_deerhound,train,232.0
2698,2698,n02092002_9224,Scottish_deerhound,train,232.0
2699,2699,n02092002_12977,Scottish_deerhound,train,232.0
8800,8800,n02107683_3908,Bernese_mountain_dog,train,218.0
8801,8801,n02107683_6950,Bernese_mountain_dog,train,218.0
8802,8802,n02107683_2705,Bernese_mountain_dog,train,218.0
8803,8803,n02107683_5363,Bernese_mountain_dog,train,218.0
8804,8804,n02107683_997,Bernese_mountain_dog,train,218.0
8805,8805,n02107683_1417,Bernese_mountain_dog,train,218.0
8806,8806,n02107683_2946,Bernese_mountain_dog,train,218.0
8807,8807,n02107683_5204,Bernese_mountain_dog,train,218.0
8808,8808,n02107683_1429,Bernese_mountain_dog,train,218.0
8809,8809,n02107683_3828,Bernese_mountain_dog,train,218.0
8810,8810,n02107683_3659,Bernese_mountain_dog,train,218.0
8811,8811,n02107683_1248,Bernese_mountain_dog,train,218.0
8812,8812,n02107683_5745,Bernese_mountain_dog,train,218.0
8813,8813,n02107683_2727,Bernese_mountain_dog,train,218.0
8814,8814,n02107683_3291,Bernese_mountain_dog,train,218.0
8815,8815,n02107683_1071,Bernese_mountain_dog,train,218.0
8816,8816,n02107683_4350,Bernese_mountain_dog,train,218.0
8817,8817,n02107683_241,Bernese_mountain_dog,train,218.0
8818,8818,n02107683_3902,Bernese_mountain_dog,train,218.0
8819,8819,n02107683_5699,Bernese_mountain_dog,train,218.0
8820,8820,n02107683_5397,Bernese_mountain_dog,train,218.0
8821,8821,n02107683_5663,Bernese_mountain_dog,train,218.0
8822,8822,n02107683_522,Bernese_mountain_dog,train,218.0
8823,8823,n02107683_4695,Bernese_mountain_dog,train,218.0
8824,8824,n02107683_2305,Bernese_mountain_dog,train,218.0
8825,8825,n02107683_4347,Bernese_mountain_dog,train,218.0
8826,8826,n02107683_3797,Bernese_mountain_dog,train,218.0
8827,8827,n02107683_5684,Bernese_mountain_dog,train,218.0
8828,8828,n02107683_3297,Bernese_mountain_dog,train,218.0
8829,8829,n02107683_6772,Bernese_mountain_dog,train,218.0
8830,8830,n02107683_4885,Bernese_mountain_dog,train,218.0
8831,8831,n02107683_1752,Bernese_mountain_dog,train,218.0
8832,8832,n02107683_2350,Bernese_mountain_dog,train,218.0
8833,8833,n02107683_5194,Bernese_mountain_dog,train,218.0
8834,8834,n02107683_5538,Bernese_mountain_dog,train,218.0
8835,8835,n02107683_6580,Bernese_mountain_dog,train,218.0
8836,8836,n02107683_5946,Bernese_mountain_dog,train,218.0
8837,8837,n02107683_6800,Bernese_mountain_dog,train,218.0
8838,8838,n02107683_454,Bernese_mountain_dog,train,218.0
8839,8839,n02107683_443,Bernese_mountain_dog,train,218.0
8840,8840,n02107683_6301,Bernese_mountain_dog,train,218.0
8841,8841,n02107683_61,Bernese_mountain_dog,train,218.0
8842,8842,n02107683_4016,Bernese_mountain_dog,train,218.0
8843,8843,n02107683_5960,Bernese_mountain_dog,train,218.0
8844,8844,n02107683_1958,Bernese_mountain_dog,train,218.0
8845,8845,n02107683_3900,Bernese_mountain_dog,train,218.0
8846,8846,n02107683_2312,Bernese_mountain_dog,train,218.0
8847,8847,n02107683_5391,Bernese_mountain_dog,train,218.0
8848,8848,n02107683_381,Bernese_mountain_dog,train,218.0
8849,8849,n02107683_5823,Bernese_mountain_dog,train,218.0
8850,8850,n02107683_3467,Bernese_mountain_dog,train,218.0
8851,8851,n02107683_6325,Bernese_mountain_dog,train,218.0
8852,8852,n02107683_3278,Bernese_mountain_dog,train,218.0
8853,8853,n02107683_4043,Bernese_mountain_dog,train,218.0
8854,8854,n02107683_3478,Bernese_mountain_dog,train,218.0
8855,8855,n02107683_698,Bernese_mountain_dog,train,218.0
8856,8856,n02107683_3958,Bernese_mountain_dog,train,218.0
8857,8857,n02107683_570,Bernese_mountain_dog,train,218.0
8858,8858,n02107683_5018,Bernese_mountain_dog,train,218.0
8859,8859,n02107683_3987,Bernese_mountain_dog,train,218.0
8860,8860,n02107683_1629,Bernese_mountain_dog,train,218.0
8861,8861,n02107683_4520,Bernese_mountain_dog,train,218.0
8862,8862,n02107683_1255,Bernese_mountain_dog,train,218.0
8863,8863,n02107683_3034,Bernese_mountain_dog,train,218.0
8864,8864,n02107683_5112,Bernese_mountain_dog,train,218.0
8865,8865,n02107683_7104,Bernese_mountain_dog,train,218.0
8866,8866,n02107683_4941,Bernese_mountain_dog,train,218.0
8867,8867,n02107683_4782,Bernese_mountain_dog,train,218.0
8868,8868,n02107683_3817,Bernese_mountain_dog,train,218.0
8869,8869,n02107683_3512,Bernese_mountain_dog,train,218.0
8870,8870,n02107683_2771,Bernese_mountain_dog,train,218.0
8871,8871,n02107683_1375,Bernese_mountain_dog,train,218.0
8872,8872,n02107683_1244,Bernese_mountain_dog,train,218.0
8873,8873,n02107683_215,Bernese_mountain_dog,train,218.0
8874,8874,n02107683_3204,Bernese_mountain_dog,train,218.0
8875,8875,n02107683_3609,Bernese_mountain_dog,train,218.0
8876,8876,n02107683_6999,Bernese_mountain_dog,train,218.0
8877,8877,n02107683_6752,Bernese_mountain_dog,train,218.0
8878,8878,n02107683_2567,Bernese_mountain_dog,train,218.0
8879,8879,n02107683_3406,Bernese_mountain_dog,train,218.0
8880,8880,n02107683_6660,Bernese_mountain_dog,train,218.0
8881,8881,n02107683_4364,Bernese_mountain_dog,train,218.0
8882,8882,n02107683_4473,Bernese_mountain_dog,train,218.0
8883,8883,n02107683_3952,Bernese_mountain_dog,train,218.0
8884,8884,n02107683_5155,Bernese_mountain_dog,train,218.0
8885,8885,n02107683_6846,Bernese_mountain_dog,train,218.0
8886,8886,n02107683_1747,Bernese_mountain_dog,train,218.0
8887,8887,n02107683_6875,Bernese_mountain_dog,train,218.0
8888,8888,n02107683_3568,Bernese_mountain_dog,train,218.0
8889,8889,n02107683_3379,Bernese_mountain_dog,train,218.0
8890,8890,n02107683_1421,Bernese_mountain_dog,train,218.0
8891,8891,n02107683_6916,Bernese_mountain_dog,train,218.0
8892,8892,n02107683_5848,Bernese_mountain_dog,train,218.0
8893,8893,n02107683_1737,Bernese_mountain_dog,train,218.0
8894,8894,n02107683_2758,Bernese_mountain_dog,train,218.0
8895,8895,n02107683_275,Bernese_mountain_dog,train,218.0
8896,8896,n02107683_3655,Bernese_mountain_dog,train,218.0
8897,8897,n02107683_673,Bernese_mountain_dog,train,218.0
8898,8898,n02107683_4515,Bernese_mountain_dog,train,218.0
8899,8899,n02107683_3140,Bernese_mountain_dog,train,218.0
10600,10600,n02111889_5075,Samoyed,train,218.0
10601,10601,n02111889_5463,Samoyed,train,218.0
10602,10602,n02111889_16334,Samoyed,train,218.0
10603,10603,n02111889_1402,Samoyed,train,218.0
10604,10604,n02111889_15020,Samoyed,train,218.0
10605,10605,n02111889_2789,Samoyed,train,218.0
10606,10606,n02111889_4381,Samoyed,train,218.0
10607,10607,n02111889_13657,Samoyed,train,218.0
10608,10608,n02111889_373,Samoyed,train,218.0
10609,10609,n02111889_789,Samoyed,train,218.0
10610,10610,n02111889_3450,Samoyed,train,218.0
10611,10611,n02111889_2952,Samoyed,train,218.0
10612,10612,n02111889_3494,Samoyed,train,218.0
10613,10613,n02111889_17827,Samoyed,train,218.0
10614,10614,n02111889_12171,Samoyed,train,218.0
10615,10615,n02111889_3345,Samoyed,train,218.0
10616,10616,n02111889_6859,Samoyed,train,218.0
10617,10617,n02111889_9001,Samoyed,train,218.0
10618,10618,n02111889_466,Samoyed,train,218.0
10619,10619,n02111889_1019,Samoyed,train,218.0
10620,10620,n02111889_10324,Samoyed,train,218.0
10621,10621,n02111889_3253,Samoyed,train,218.0
10622,10622,n02111889_17368,Samoyed,train,218.0
10623,10623,n02111889_4967,Samoyed,train,218.0
10624,10624,n02111889_17383,Samoyed,train,218.0
10625,10625,n02111889_12045,Samoyed,train,218.0
10626,10626,n02111889_2029,Samoyed,train,218.0
10627,10627,n02111889_4073,Samoyed,train,218.0
10628,10628,n02111889_5602,Samoyed,train,218.0
10629,10629,n02111889_7002,Samoyed,train,218.0
10630,10630,n02111889_4353,Samoyed,train,218.0
10631,10631,n02111889_6343,Samoyed,train,218.0
10632,10632,n02111889_1532,Samoyed,train,218.0
10633,10633,n02111889_4142,Samoyed,train,218.0
10634,10634,n02111889_10734,Samoyed,train,218.0
10635,10635,n02111889_16414,Samoyed,train,218.0
10636,10636,n02111889_4159,Samoyed,train,218.0
10637,10637,n02111889_5778,Samoyed,train,218.0
10638,10638,n02111889_6950,Samoyed,train,218.0
10639,10639,n02111889_10950,Samoyed,train,218.0
10640,10640,n02111889_5680,Samoyed,train,218.0
10641,10641,n02111889_4740,Samoyed,train,218.0
10642,10642,n02111889_928,Samoyed,train,218.0
10643,10643,n02111889_4679,Samoyed,train,218.0
10644,10644,n02111889_1374,Samoyed,train,218.0
10645,10645,n02111889_853,Samoyed,train,218.0
10646,10646,n02111889_6419,Samoyed,train,218.0
10647,10647,n02111889_2820,Samoyed,train,218.0
10648,10648,n02111889_4809,Samoyed,train,218.0
10649,10649,n02111889_4484,Samoyed,train,218.0
10650,10650,n02111889_12976,Samoyed,train,218.0
10651,10651,n02111889_2083,Samoyed,train,218.0
10652,10652,n02111889_5532,Samoyed,train,218.0
10653,10653,n02111889_4368,Samoyed,train,218.0
10654,10654,n02111889_3399,Samoyed,train,218.0
10655,10655,n02111889_8748,Samoyed,train,218.0
10656,10656,n02111889_3918,Samoyed,train,218.0
10657,10657,n02111889_3326,Samoyed,train,218.0
10658,10658,n02111889_6592,Samoyed,train,218.0
10659,10659,n02111889_5452,Samoyed,train,218.0
10660,10660,n02111889_18,Samoyed,train,218.0
10661,10661,n02111889_5212,Samoyed,train,218.0
10662,10662,n02111889_7083,Samoyed,train,218.0
10663,10663,n02111889_771,Samoyed,train,218.0
10664,10664,n02111889_16116,Samoyed,train,218.0
10665,10665,n02111889_2030,Samoyed,train,218.0
10666,10666,n02111889_6512,Samoyed,train,218.0
10667,10667,n02111889_17532,Samoyed,train,218.0
10668,10668,n02111889_108,Samoyed,train,218.0
10669,10669,n02111889_2476,Samoyed,train,218.0
10670,10670,n02111889_3960,Samoyed,train,218.0
10671,10671,n02111889_14746,Samoyed,train,218.0
10672,10672,n02111889_16676,Samoyed,train,218.0
10673,10673,n02111889_3499,Samoyed,train,218.0
10674,10674,n02111889_13924,Samoyed,train,218.0
10675,10675,n02111889_1739,Samoyed,train,218.0
10676,10676,n02111889_12811,Samoyed,train,218.0
10677,10677,n02111889_1314,Samoyed,train,218.0
10678,10678,n02111889_4588,Samoyed,train,218.0
10679,10679,n02111889_1255,Samoyed,train,218.0
10680,10680,n02111889_16434,Samoyed,train,218.0
10681,10681,n02111889_1472,Samoyed,train,218.0
10682,10682,n02111889_514,Samoyed,train,218.0
10683,10683,n02111889_7100,Samoyed,train,218.0
10684,10684,n02111889_899,Samoyed,train,218.0
10685,10685,n02111889_3221,Samoyed,train,218.0
10686,10686,n02111889_13772,Samoyed,train,218.0
10687,10687,n02111889_6631,Samoyed,train,218.0
10688,10688,n02111889_13737,Samoyed,train,218.0
10689,10689,n02111889_1716,Samoyed,train,218.0
10690,10690,n02111889_13603,Samoyed,train,218.0
10691,10691,n02111889_4147,Samoyed,train,218.0
10692,10692,n02111889_1968,Samoyed,train,218.0
10693,10693,n02111889_2136,Samoyed,train,218.0
10694,10694,n02111889_5145,Samoyed,train,218.0
10695,10695,n02111889_6545,Samoyed,train,218.0
10696,10696,n02111889_14413,Samoyed,train,218.0
10697,10697,n02111889_6425,Samoyed,train,218.0
10698,10698,n02111889_1735,Samoyed,train,218.0
10699,10699,n02111889_13281,Samoyed,train,218.0
10700,10700,n02112018_7880,Pomeranian,train,219.0
10701,10701,n02112018_9376,Pomeranian,train,219.0
10702,10702,n02112018_2782,Pomeranian,train,219.0
10703,10703,n02112018_1348,Pomeranian,train,219.0
10704,10704,n02112018_5427,Pomeranian,train,219.0
10705,10705,n02112018_3742,Pomeranian,train,219.0
10706,10706,n02112018_5540,Pomeranian,train,219.0
10707,10707,n02112018_1339,Pomeranian,train,219.0
10708,10708,n02112018_9861,Pomeranian,train,219.0
10709,10709,n02112018_4586,Pomeranian,train,219.0
10710,10710,n02112018_3599,Pomeranian,train,219.0
10711,10711,n02112018_4456,Pomeranian,train,219.0
10712,10712,n02112018_3737,Pomeranian,train,219.0
10713,10713,n02112018_276,Pomeranian,train,219.0
10714,10714,n02112018_651,Pomeranian,train,219.0
10715,10715,n02112018_11105,Pomeranian,train,219.0
10716,10716,n02112018_1146,Pomeranian,train,219.0
10717,10717,n02112018_514,Pomeranian,train,219.0
10718,10718,n02112018_3126,Pomeranian,train,219.0
10719,10719,n02112018_10174,Pomeranian,train,219.0
10720,10720,n02112018_4245,Pomeranian,train,219.0
10721,10721,n02112018_436,Pomeranian,train,219.0
10722,10722,n02112018_2691,Pomeranian,train,219.0
10723,10723,n02112018_2811,Pomeranian,train,219.0
10724,10724,n02112018_6214,Pomeranian,train,219.0
10725,10725,n02112018_7953,Pomeranian,train,219.0
10726,10726,n02112018_3133,Pomeranian,train,219.0
10727,10727,n02112018_494,Pomeranian,train,219.0
10728,10728,n02112018_888,Pomeranian,train,219.0
10729,10729,n02112018_5091,Pomeranian,train,219.0
10730,10730,n02112018_5864,Pomeranian,train,219.0
10731,10731,n02112018_687,Pomeranian,train,219.0
10732,10732,n02112018_5208,Pomeranian,train,219.0
10733,10733,n02112018_863,Pomeranian,train,219.0
10734,10734,n02112018_6098,Pomeranian,train,219.0
10735,10735,n02112018_4554,Pomeranian,train,219.0
10736,10736,n02112018_1929,Pomeranian,train,219.0
10737,10737,n02112018_877,Pomeranian,train,219.0
10738,10738,n02112018_2590,Pomeranian,train,219.0
10739,10739,n02112018_249,Pomeranian,train,219.0
10740,10740,n02112018_2614,Pomeranian,train,219.0
10741,10741,n02112018_6676,Pomeranian,train,219.0
10742,10742,n02112018_4958,Pomeranian,train,219.0
10743,10743,n02112018_1317,Pomeranian,train,219.0
10744,10744,n02112018_9028,Pomeranian,train,219.0
10745,10745,n02112018_5089,Pomeranian,train,219.0
10746,10746,n02112018_1577,Pomeranian,train,219.0
10747,10747,n02112018_4148,Pomeranian,train,219.0
10748,10748,n02112018_1380,Pomeranian,train,219.0
10749,10749,n02112018_1612,Pomeranian,train,219.0
10750,10750,n02112018_6208,Pomeranian,train,219.0
10751,10751,n02112018_14394,Pomeranian,train,219.0
10752,10752,n02112018_6129,Pomeranian,train,219.0
10753,10753,n02112018_2255,Pomeranian,train,219.0
10754,10754,n02112018_4373,Pomeranian,train,219.0
10755,10755,n02112018_5329,Pomeranian,train,219.0
10756,10756,n02112018_13600,Pomeranian,train,219.0
10757,10757,n02112018_725,Pomeranian,train,219.0
10758,10758,n02112018_3504,Pomeranian,train,219.0
10759,10759,n02112018_161,Pomeranian,train,219.0
10760,10760,n02112018_11071,Pomeranian,train,219.0
10761,10761,n02112018_4243,Pomeranian,train,219.0
10762,10762,n02112018_627,Pomeranian,train,219.0
10763,10763,n02112018_5482,Pomeranian,train,219.0
10764,10764,n02112018_4639,Pomeranian,train,219.0
10765,10765,n02112018_150,Pomeranian,train,219.0
10766,10766,n02112018_4840,Pomeranian,train,219.0
10767,10767,n02112018_5367,Pomeranian,train,219.0
10768,10768,n02112018_2896,Pomeranian,train,219.0
10769,10769,n02112018_10243,Pomeranian,train,219.0
10770,10770,n02112018_1325,Pomeranian,train,219.0
10771,10771,n02112018_612,Pomeranian,train,219.0
10772,10772,n02112018_5814,Pomeranian,train,219.0
10773,10773,n02112018_8246,Pomeranian,train,219.0
10774,10774,n02112018_2821,Pomeranian,train,219.0
10775,10775,n02112018_6201,Pomeranian,train,219.0
10776,10776,n02112018_5317,Pomeranian,train,219.0
10777,10777,n02112018_10129,Pomeranian,train,219.0
10778,10778,n02112018_12405,Pomeranian,train,219.0
10779,10779,n02112018_9791,Pomeranian,train,219.0
10780,10780,n02112018_883,Pomeranian,train,219.0
10781,10781,n02112018_3539,Pomeranian,train,219.0
10782,10782,n02112018_2699,Pomeranian,train,219.0
10783,10783,n02112018_2728,Pomeranian,train,219.0
10784,10784,n02112018_1611,Pomeranian,train,219.0
10785,10785,n02112018_5560,Pomeranian,train,219.0
10786,10786,n02112018_6159,Pomeranian,train,219.0
10787,10787,n02112018_3302,Pomeranian,train,219.0
10788,10788,n02112018_3427,Pomeranian,train,219.0
10789,10789,n02112018_3532,Pomeranian,train,219.0
10790,10790,n02112018_2288,Pomeranian,train,219.0
10791,10791,n02112018_4644,Pomeranian,train,219.0
10792,10792,n02112018_1495,Pomeranian,train,219.0
10793,10793,n02112018_3812,Pomeranian,train,219.0
10794,10794,n02112018_938,Pomeranian,train,219.0
10795,10795,n02112018_1158,Pomeranian,train,219.0
10796,10796,n02112018_10937,Pomeranian,train,219.0
10797,10797,n02112018_12953,Pomeranian,train,219.0
10798,10798,n02112018_1705,Pomeranian,train,219.0
10799,10799,n02112018_1659,Pomeranian,train,219.0
12137,12137,n02085936_2760,Maltese_dog,test,252.0
12138,12138,n02085936_8350,Maltese_dog,test,252.0
12139,12139,n02085936_3994,Maltese_dog,test,252.0
12140,12140,n02085936_20610,Maltese_dog,test,252.0
12141,12141,n02085936_4797,Maltese_dog,test,252.0
12142,12142,n02085936_16014,Maltese_dog,test,252.0
12143,12143,n02085936_8449,Maltese_dog,test,252.0
12144,12144,n02085936_899,Maltese_dog,test,252.0
12145,12145,n02085936_296,Maltese_dog,test,252.0
12146,12146,n02085936_8089,Maltese_dog,test,252.0
12147,12147,n02085936_7755,Maltese_dog,test,252.0
12148,12148,n02085936_66,Maltese_dog,test,252.0
12149,12149,n02085936_5067,Maltese_dog,test,252.0
12150,12150,n02085936_2999,Maltese_dog,test,252.0
12151,12151,n02085936_5068,Maltese_dog,test,252.0
12152,12152,n02085936_13944,Maltese_dog,test,252.0
12153,12153,n02085936_4004,Maltese_dog,test,252.0
12154,12154,n02085936_3947,Maltese_dog,test,252.0
12155,12155,n02085936_22167,Maltese_dog,test,252.0
12156,12156,n02085936_420,Maltese_dog,test,252.0
12157,12157,n02085936_4262,Maltese_dog,test,252.0
12158,12158,n02085936_5728,Maltese_dog,test,252.0
12159,12159,n02085936_16188,Maltese_dog,test,252.0
12160,12160,n02085936_7253,Maltese_dog,test,252.0
12161,12161,n02085936_10130,Maltese_dog,test,252.0
12162,12162,n02085936_9270,Maltese_dog,test,252.0
12163,12163,n02085936_3108,Maltese_dog,test,252.0
12164,12164,n02085936_7364,Maltese_dog,test,252.0
12165,12165,n02085936_6278,Maltese_dog,test,252.0
12166,12166,n02085936_7172,Maltese_dog,test,252.0
12167,12167,n02085936_2976,Maltese_dog,test,252.0
12168,12168,n02085936_719,Maltese_dog,test,252.0
12169,12169,n02085936_24464,Maltese_dog,test,252.0
12170,12170,n02085936_25908,Maltese_dog,test,252.0
12171,12171,n02085936_11541,Maltese_dog,test,252.0
12172,12172,n02085936_548,Maltese_dog,test,252.0
12173,12173,n02085936_6071,Maltese_dog,test,252.0
12174,12174,n02085936_5789,Maltese_dog,test,252.0
12175,12175,n02085936_4781,Maltese_dog,test,252.0
12176,12176,n02085936_10397,Maltese_dog,test,252.0
12177,12177,n02085936_13013,Maltese_dog,test,252.0
12178,12178,n02085936_4695,Maltese_dog,test,252.0
12179,12179,n02085936_5466,Maltese_dog,test,252.0
12180,12180,n02085936_16998,Maltese_dog,test,252.0
12181,12181,n02085936_19133,Maltese_dog,test,252.0
12182,12182,n02085936_7465,Maltese_dog,test,252.0
12183,12183,n02085936_9367,Maltese_dog,test,252.0
12184,12184,n02085936_16331,Maltese_dog,test,252.0
12185,12185,n02085936_2020,Maltese_dog,test,252.0
12186,12186,n02085936_22127,Maltese_dog,test,252.0
12187,12187,n02085936_3678,Maltese_dog,test,252.0
12188,12188,n02085936_5023,Maltese_dog,test,252.0
12189,12189,n02085936_4343,Maltese_dog,test,252.0
12190,12190,n02085936_2693,Maltese_dog,test,252.0
12191,12191,n02085936_5459,Maltese_dog,test,252.0
12192,12192,n02085936_1739,Maltese_dog,test,252.0
12193,12193,n02085936_6671,Maltese_dog,test,252.0
12194,12194,n02085936_4921,Maltese_dog,test,252.0
12195,12195,n02085936_3217,Maltese_dog,test,252.0
12196,12196,n02085936_2318,Maltese_dog,test,252.0
12197,12197,n02085936_5766,Maltese_dog,test,252.0
12198,12198,n02085936_4894,Maltese_dog,test,252.0
12199,12199,n02085936_1515,Maltese_dog,test,252.0
12200,12200,n02085936_5645,Maltese_dog,test,252.0
12201,12201,n02085936_6034,Maltese_dog,test,252.0
12202,12202,n02085936_4897,Maltese_dog,test,252.0
12203,12203,n02085936_2458,Maltese_dog,test,252.0
12204,12204,n02085936_5103,Maltese_dog,test,252.0
12205,12205,n02085936_5202,Maltese_dog,test,252.0
12206,12206,n02085936_10719,Maltese_dog,test,252.0
12207,12207,n02085936_11653,Maltese_dog,test,252.0
12208,12208,n02085936_3396,Maltese_dog,test,252.0
12209,12209,n02085936_13378,Maltese_dog,test,252.0
12210,12210,n02085936_8981,Maltese_dog,test,252.0
12211,12211,n02085936_7311,Maltese_dog,test,252.0
12212,12212,n02085936_3326,Maltese_dog,test,252.0
12213,12213,n02085936_3580,Maltese_dog,test,252.0
12214,12214,n02085936_3313,Maltese_dog,test,252.0
12215,12215,n02085936_4916,Maltese_dog,test,252.0
12216,12216,n02085936_4713,Maltese_dog,test,252.0
12217,12217,n02085936_804,Maltese_dog,test,252.0
12218,12218,n02085936_7793,Maltese_dog,test,252.0
12219,12219,n02085936_3348,Maltese_dog,test,252.0
12220,12220,n02085936_22439,Maltese_dog,test,252.0
12221,12221,n02085936_7004,Maltese_dog,test,252.0
12222,12222,n02085936_1155,Maltese_dog,test,252.0
12223,12223,n02085936_22666,Maltese_dog,test,252.0
12224,12224,n02085936_10661,Maltese_dog,test,252.0
12225,12225,n02085936_807,Maltese_dog,test,252.0
12226,12226,n02085936_500,Maltese_dog,test,252.0
12227,12227,n02085936_2543,Maltese_dog,test,252.0
12228,12228,n02085936_6077,Maltese_dog,test,252.0
12229,12229,n02085936_426,Maltese_dog,test,252.0
12230,12230,n02085936_18114,Maltese_dog,test,252.0
12231,12231,n02085936_7941,Maltese_dog,test,252.0
12232,12232,n02085936_10297,Maltese_dog,test,252.0
12233,12233,n02085936_4396,Maltese_dog,test,252.0
12234,12234,n02085936_7345,Maltese_dog,test,252.0
12235,12235,n02085936_9742,Maltese_dog,test,252.0
12236,12236,n02085936_7574,Maltese_dog,test,252.0
12237,12237,n02085936_8735,Maltese_dog,test,252.0
12238,12238,n02085936_6656,Maltese_dog,test,252.0
12239,12239,n02085936_4506,Maltese_dog,test,252.0
12240,12240,n02085936_9086,Maltese_dog,test,252.0
12241,12241,n02085936_851,Maltese_dog,test,252.0
12242,12242,n02085936_4070,Maltese_dog,test,252.0
12243,12243,n02085936_5107,Maltese_dog,test,252.0
12244,12244,n02085936_6746,Maltese_dog,test,252.0
12245,12245,n02085936_2741,Maltese_dog,test,252.0
12246,12246,n02085936_352,Maltese_dog,test,252.0
12247,12247,n02085936_4192,Maltese_dog,test,252.0
12248,12248,n02085936_9927,Maltese_dog,test,252.0
12249,12249,n02085936_8767,Maltese_dog,test,252.0
12250,12250,n02085936_8658,Maltese_dog,test,252.0
12251,12251,n02085936_20076,Maltese_dog,test,252.0
12252,12252,n02085936_2536,Maltese_dog,test,252.0
12253,12253,n02085936_8447,Maltese_dog,test,252.0
12254,12254,n02085936_1799,Maltese_dog,test,252.0
12255,12255,n02085936_9812,Maltese_dog,test,252.0
12256,12256,n02085936_5435,Maltese_dog,test,252.0
12257,12257,n02085936_9037,Maltese_dog,test,252.0
12258,12258,n02085936_5404,Maltese_dog,test,252.0
12259,12259,n02085936_3451,Maltese_dog,test,252.0
12260,12260,n02085936_14595,Maltese_dog,test,252.0
12261,12261,n02085936_7198,Maltese_dog,test,252.0
12262,12262,n02085936_9136,Maltese_dog,test,252.0
12263,12263,n02085936_5488,Maltese_dog,test,252.0
12264,12264,n02085936_3000,Maltese_dog,test,252.0
12265,12265,n02085936_19805,Maltese_dog,test,252.0
12266,12266,n02085936_1325,Maltese_dog,test,252.0
12267,12267,n02085936_9310,Maltese_dog,test,252.0
12268,12268,n02085936_850,Maltese_dog,test,252.0
12269,12269,n02085936_19731,Maltese_dog,test,252.0
12270,12270,n02085936_37,Maltese_dog,test,252.0
12271,12271,n02085936_4480,Maltese_dog,test,252.0
12272,12272,n02085936_10199,Maltese_dog,test,252.0
12273,12273,n02085936_6892,Maltese_dog,test,252.0
12274,12274,n02085936_5609,Maltese_dog,test,252.0
12275,12275,n02085936_10447,Maltese_dog,test,252.0
12276,12276,n02085936_3207,Maltese_dog,test,252.0
12277,12277,n02085936_4924,Maltese_dog,test,252.0
12278,12278,n02085936_8867,Maltese_dog,test,252.0
12279,12279,n02085936_10197,Maltese_dog,test,252.0
12280,12280,n02085936_3239,Maltese_dog,test,252.0
12281,12281,n02085936_2573,Maltese_dog,test,252.0
12282,12282,n02085936_6921,Maltese_dog,test,252.0
12283,12283,n02085936_1424,Maltese_dog,test,252.0
12284,12284,n02085936_17990,Maltese_dog,test,252.0
12285,12285,n02085936_10625,Maltese_dog,test,252.0
12286,12286,n02085936_9141,Maltese_dog,test,252.0
12287,12287,n02085936_6348,Maltese_dog,test,252.0
12288,12288,n02085936_1247,Maltese_dog,test,252.0
12780,12780,n02088094_7106,Afghan_hound,test,239.0
12781,12781,n02088094_12664,Afghan_hound,test,239.0
12782,12782,n02088094_13909,Afghan_hound,test,239.0
12783,12783,n02088094_10822,Afghan_hound,test,239.0
12784,12784,n02088094_4501,Afghan_hound,test,239.0
12785,12785,n02088094_980,Afghan_hound,test,239.0
12786,12786,n02088094_5326,Afghan_hound,test,239.0
12787,12787,n02088094_4420,Afghan_hound,test,239.0
12788,12788,n02088094_3989,Afghan_hound,test,239.0
12789,12789,n02088094_7146,Afghan_hound,test,239.0
12790,12790,n02088094_3836,Afghan_hound,test,239.0
12791,12791,n02088094_13502,Afghan_hound,test,239.0
12792,12792,n02088094_3593,Afghan_hound,test,239.0
12793,12793,n02088094_2879,Afghan_hound,test,239.0
12794,12794,n02088094_515,Afghan_hound,test,239.0
12795,12795,n02088094_9197,Afghan_hound,test,239.0
12796,12796,n02088094_2700,Afghan_hound,test,239.0
12797,12797,n02088094_2131,Afghan_hound,test,239.0
12798,12798,n02088094_272,Afghan_hound,test,239.0
12799,12799,n02088094_11182,Afghan_hound,test,239.0
12800,12800,n02088094_1003,Afghan_hound,test,239.0
12801,12801,n02088094_3396,Afghan_hound,test,239.0
12802,12802,n02088094_1459,Afghan_hound,test,239.0
12803,12803,n02088094_3119,Afghan_hound,test,239.0
12804,12804,n02088094_5244,Afghan_hound,test,239.0
12805,12805,n02088094_4310,Afghan_hound,test,239.0
12806,12806,n02088094_342,Afghan_hound,test,239.0
12807,12807,n02088094_3531,Afghan_hound,test,239.0
12808,12808,n02088094_4307,Afghan_hound,test,239.0
12809,12809,n02088094_6493,Afghan_hound,test,239.0
12810,12810,n02088094_1370,Afghan_hound,test,239.0
12811,12811,n02088094_3057,Afghan_hound,test,239.0
12812,12812,n02088094_2641,Afghan_hound,test,239.0
12813,12813,n02088094_13270,Afghan_hound,test,239.0
12814,12814,n02088094_5413,Afghan_hound,test,239.0
12815,12815,n02088094_3374,Afghan_hound,test,239.0
12816,12816,n02088094_12364,Afghan_hound,test,239.0
12817,12817,n02088094_11953,Afghan_hound,test,239.0
12818,12818,n02088094_1661,Afghan_hound,test,239.0
12819,12819,n02088094_231,Afghan_hound,test,239.0
12820,12820,n02088094_4768,Afghan_hound,test,239.0
12821,12821,n02088094_4114,Afghan_hound,test,239.0
12822,12822,n02088094_6372,Afghan_hound,test,239.0
12823,12823,n02088094_8290,Afghan_hound,test,239.0
12824,12824,n02088094_3937,Afghan_hound,test,239.0
12825,12825,n02088094_986,Afghan_hound,test,239.0
12826,12826,n02088094_5559,Afghan_hound,test,239.0
12827,12827,n02088094_890,Afghan_hound,test,239.0
12828,12828,n02088094_5521,Afghan_hound,test,239.0
12829,12829,n02088094_11570,Afghan_hound,test,239.0
12830,12830,n02088094_5345,Afghan_hound,test,239.0
12831,12831,n02088094_4450,Afghan_hound,test,239.0
12832,12832,n02088094_1592,Afghan_hound,test,239.0
12833,12833,n02088094_3620,Afghan_hound,test,239.0
12834,12834,n02088094_13145,Afghan_hound,test,239.0
12835,12835,n02088094_12879,Afghan_hound,test,239.0
12836,12836,n02088094_2798,Afghan_hound,test,239.0
12837,12837,n02088094_791,Afghan_hound,test,239.0
12838,12838,n02088094_732,Afghan_hound,test,239.0
12839,12839,n02088094_4195,Afghan_hound,test,239.0
12840,12840,n02088094_3051,Afghan_hound,test,239.0
12841,12841,n02088094_1128,Afghan_hound,test,239.0
12842,12842,n02088094_1475,Afghan_hound,test,239.0
12843,12843,n02088094_3564,Afghan_hound,test,239.0
12844,12844,n02088094_5381,Afghan_hound,test,239.0
12845,12845,n02088094_4521,Afghan_hound,test,239.0
12846,12846,n02088094_2062,Afghan_hound,test,239.0
12847,12847,n02088094_4230,Afghan_hound,test,239.0
12848,12848,n02088094_899,Afghan_hound,test,239.0
12849,12849,n02088094_9229,Afghan_hound,test,239.0
12850,12850,n02088094_2545,Afghan_hound,test,239.0
12851,12851,n02088094_10832,Afghan_hound,test,239.0
12852,12852,n02088094_8465,Afghan_hound,test,239.0
12853,12853,n02088094_9220,Afghan_hound,test,239.0
12854,12854,n02088094_3059,Afghan_hound,test,239.0
12855,12855,n02088094_1829,Afghan_hound,test,239.0
12856,12856,n02088094_5265,Afghan_hound,test,239.0
12857,12857,n02088094_2626,Afghan_hound,test,239.0
12858,12858,n02088094_4586,Afghan_hound,test,239.0
12859,12859,n02088094_1882,Afghan_hound,test,239.0
12860,12860,n02088094_3982,Afghan_hound,test,239.0
12861,12861,n02088094_10263,Afghan_hound,test,239.0
12862,12862,n02088094_1410,Afghan_hound,test,239.0
12863,12863,n02088094_3582,Afghan_hound,test,239.0
12864,12864,n02088094_1924,Afghan_hound,test,239.0
12865,12865,n02088094_5855,Afghan_hound,test,239.0
12866,12866,n02088094_13907,Afghan_hound,test,239.0
12867,12867,n02088094_907,Afghan_hound,test,239.0
12868,12868,n02088094_2173,Afghan_hound,test,239.0
12869,12869,n02088094_4027,Afghan_hound,test,239.0
12870,12870,n02088094_8764,Afghan_hound,test,239.0
12871,12871,n02088094_12867,Afghan_hound,test,239.0
12872,12872,n02088094_12563,Afghan_hound,test,239.0
12873,12873,n02088094_1007,Afghan_hound,test,239.0
12874,12874,n02088094_93,Afghan_hound,test,239.0
12875,12875,n02088094_1186,Afghan_hound,test,239.0
12876,12876,n02088094_4837,Afghan_hound,test,239.0
12877,12877,n02088094_3920,Afghan_hound,test,239.0
12878,12878,n02088094_115,Afghan_hound,test,239.0
12879,12879,n02088094_2732,Afghan_hound,test,239.0
12880,12880,n02088094_7229,Afghan_hound,test,239.0
12881,12881,n02088094_4870,Afghan_hound,test,239.0
12882,12882,n02088094_1023,Afghan_hound,test,239.0
12883,12883,n02088094_1479,Afghan_hound,test,239.0
12884,12884,n02088094_3949,Afghan_hound,test,239.0
12885,12885,n02088094_3793,Afghan_hound,test,239.0
12886,12886,n02088094_649,Afghan_hound,test,239.0
12887,12887,n02088094_5488,Afghan_hound,test,239.0
12888,12888,n02088094_4037,Afghan_hound,test,239.0
12889,12889,n02088094_8315,Afghan_hound,test,239.0
12890,12890,n02088094_3400,Afghan_hound,test,239.0
12891,12891,n02088094_4143,Afghan_hound,test,239.0
12892,12892,n02088094_1357,Afghan_hound,test,239.0
12893,12893,n02088094_8063,Afghan_hound,test,239.0
12894,12894,n02088094_2458,Afghan_hound,test,239.0
12895,12895,n02088094_1150,Afghan_hound,test,239.0
12896,12896,n02088094_4434,Afghan_hound,test,239.0
12897,12897,n02088094_5355,Afghan_hound,test,239.0
12898,12898,n02088094_988,Afghan_hound,test,239.0
12899,12899,n02088094_2822,Afghan_hound,test,239.0
12900,12900,n02088094_26,Afghan_hound,test,239.0
12901,12901,n02088094_1222,Afghan_hound,test,239.0
12902,12902,n02088094_913,Afghan_hound,test,239.0
12903,12903,n02088094_4290,Afghan_hound,test,239.0
12904,12904,n02088094_713,Afghan_hound,test,239.0
12905,12905,n02088094_2738,Afghan_hound,test,239.0
12906,12906,n02088094_3080,Afghan_hound,test,239.0
12907,12907,n02088094_5080,Afghan_hound,test,239.0
12908,12908,n02088094_3159,Afghan_hound,test,239.0
12909,12909,n02088094_3858,Afghan_hound,test,239.0
12910,12910,n02088094_1126,Afghan_hound,test,239.0
12911,12911,n02088094_1611,Afghan_hound,test,239.0
12912,12912,n02088094_7636,Afghan_hound,test,239.0
12913,12913,n02088094_5939,Afghan_hound,test,239.0
12914,12914,n02088094_1917,Afghan_hound,test,239.0
12915,12915,n02088094_2726,Afghan_hound,test,239.0
12916,12916,n02088094_1841,Afghan_hound,test,239.0
12917,12917,n02088094_3075,Afghan_hound,test,239.0
12918,12918,n02088094_5927,Afghan_hound,test,239.0
14137,14137,n02092002_5916,Scottish_deerhound,test,232.0
14138,14138,n02092002_5746,Scottish_deerhound,test,232.0
14139,14139,n02092002_198,Scottish_deerhound,test,232.0
14140,14140,n02092002_6180,Scottish_deerhound,test,232.0
14141,14141,n02092002_1693,Scottish_deerhound,test,232.0
14142,14142,n02092002_1339,Scottish_deerhound,test,232.0
14143,14143,n02092002_854,Scottish_deerhound,test,232.0
14144,14144,n02092002_4258,Scottish_deerhound,test,232.0
14145,14145,n02092002_3485,Scottish_deerhound,test,232.0
14146,14146,n02092002_1890,Scottish_deerhound,test,232.0
14147,14147,n02092002_6040,Scottish_deerhound,test,232.0
14148,14148,n02092002_3,Scottish_deerhound,test,232.0
14149,14149,n02092002_6827,Scottish_deerhound,test,232.0
14150,14150,n02092002_1130,Scottish_deerhound,test,232.0
14151,14151,n02092002_5008,Scottish_deerhound,test,232.0
14152,14152,n02092002_4545,Scottish_deerhound,test,232.0
14153,14153,n02092002_1200,Scottish_deerhound,test,232.0
14154,14154,n02092002_4555,Scottish_deerhound,test,232.0
14155,14155,n02092002_4220,Scottish_deerhound,test,232.0
14156,14156,n02092002_6007,Scottish_deerhound,test,232.0
14157,14157,n02092002_1730,Scottish_deerhound,test,232.0
14158,14158,n02092002_14369,Scottish_deerhound,test,232.0
14159,14159,n02092002_5652,Scottish_deerhound,test,232.0
14160,14160,n02092002_942,Scottish_deerhound,test,232.0
14161,14161,n02092002_1451,Scottish_deerhound,test,232.0
14162,14162,n02092002_498,Scottish_deerhound,test,232.0
14163,14163,n02092002_5936,Scottish_deerhound,test,232.0
14164,14164,n02092002_2257,Scottish_deerhound,test,232.0
14165,14165,n02092002_228,Scottish_deerhound,test,232.0
14166,14166,n02092002_1029,Scottish_deerhound,test,232.0
14167,14167,n02092002_13565,Scottish_deerhound,test,232.0
14168,14168,n02092002_348,Scottish_deerhound,test,232.0
14169,14169,n02092002_5377,Scottish_deerhound,test,232.0
14170,14170,n02092002_2851,Scottish_deerhound,test,232.0
14171,14171,n02092002_6574,Scottish_deerhound,test,232.0
14172,14172,n02092002_7825,Scottish_deerhound,test,232.0
14173,14173,n02092002_2859,Scottish_deerhound,test,232.0
14174,14174,n02092002_7696,Scottish_deerhound,test,232.0
14175,14175,n02092002_6729,Scottish_deerhound,test,232.0
14176,14176,n02092002_10699,Scottish_deerhound,test,232.0
14177,14177,n02092002_4898,Scottish_deerhound,test,232.0
14178,14178,n02092002_1767,Scottish_deerhound,test,232.0
14179,14179,n02092002_6226,Scottish_deerhound,test,232.0
14180,14180,n02092002_7206,Scottish_deerhound,test,232.0
14181,14181,n02092002_6953,Scottish_deerhound,test,232.0
14182,14182,n02092002_9862,Scottish_deerhound,test,232.0
14183,14183,n02092002_5504,Scottish_deerhound,test,232.0
14184,14184,n02092002_1698,Scottish_deerhound,test,232.0
14185,14185,n02092002_6780,Scottish_deerhound,test,232.0
14186,14186,n02092002_10060,Scottish_deerhound,test,232.0
14187,14187,n02092002_2008,Scottish_deerhound,test,232.0
14188,14188,n02092002_5557,Scottish_deerhound,test,232.0
14189,14189,n02092002_5668,Scottish_deerhound,test,232.0
14190,14190,n02092002_11428,Scottish_deerhound,test,232.0
14191,14191,n02092002_12394,Scottish_deerhound,test,232.0
14192,14192,n02092002_4517,Scottish_deerhound,test,232.0
14193,14193,n02092002_15215,Scottish_deerhound,test,232.0
14194,14194,n02092002_15112,Scottish_deerhound,test,232.0
14195,14195,n02092002_3856,Scottish_deerhound,test,232.0
14196,14196,n02092002_2184,Scottish_deerhound,test,232.0
14197,14197,n02092002_1147,Scottish_deerhound,test,232.0
14198,14198,n02092002_7743,Scottish_deerhound,test,232.0
14199,14199,n02092002_6702,Scottish_deerhound,test,232.0
14200,14200,n02092002_4169,Scottish_deerhound,test,232.0
14201,14201,n02092002_6302,Scottish_deerhound,test,232.0
14202,14202,n02092002_1086,Scottish_deerhound,test,232.0
14203,14203,n02092002_5462,Scottish_deerhound,test,232.0
14204,14204,n02092002_1646,Scottish_deerhound,test,232.0
14205,14205,n02092002_846,Scottish_deerhound,test,232.0
14206,14206,n02092002_8952,Scottish_deerhound,test,232.0
14207,14207,n02092002_3271,Scottish_deerhound,test,232.0
14208,14208,n02092002_296,Scottish_deerhound,test,232.0
14209,14209,n02092002_7537,Scottish_deerhound,test,232.0
14210,14210,n02092002_3400,Scottish_deerhound,test,232.0
14211,14211,n02092002_3314,Scottish_deerhound,test,232.0
14212,14212,n02092002_6003,Scottish_deerhound,test,232.0
14213,14213,n02092002_1253,Scottish_deerhound,test,232.0
14214,14214,n02092002_2294,Scottish_deerhound,test,232.0
14215,14215,n02092002_1601,Scottish_deerhound,test,232.0
14216,14216,n02092002_5437,Scottish_deerhound,test,232.0
14217,14217,n02092002_11088,Scottish_deerhound,test,232.0
14218,14218,n02092002_12595,Scottish_deerhound,test,232.0
14219,14219,n02092002_525,Scottish_deerhound,test,232.0
14220,14220,n02092002_11390,Scottish_deerhound,test,232.0
14221,14221,n02092002_7268,Scottish_deerhound,test,232.0
14222,14222,n02092002_14102,Scottish_deerhound,test,232.0
14223,14223,n02092002_14771,Scottish_deerhound,test,232.0
14224,14224,n02092002_3343,Scottish_deerhound,test,232.0
14225,14225,n02092002_7835,Scottish_deerhound,test,232.0
14226,14226,n02092002_6618,Scottish_deerhound,test,232.0
14227,14227,n02092002_7890,Scottish_deerhound,test,232.0
14228,14228,n02092002_6914,Scottish_deerhound,test,232.0
14229,14229,n02092002_149,Scottish_deerhound,test,232.0
14230,14230,n02092002_7539,Scottish_deerhound,test,232.0
14231,14231,n02092002_12544,Scottish_deerhound,test,232.0
14232,14232,n02092002_3500,Scottish_deerhound,test,232.0
14233,14233,n02092002_6907,Scottish_deerhound,test,232.0
14234,14234,n02092002_5222,Scottish_deerhound,test,232.0
14235,14235,n02092002_2372,Scottish_deerhound,test,232.0
14236,14236,n02092002_7473,Scottish_deerhound,test,232.0
14237,14237,n02092002_15165,Scottish_deerhound,test,232.0
14238,14238,n02092002_2269,Scottish_deerhound,test,232.0
14239,14239,n02092002_1551,Scottish_deerhound,test,232.0
14240,14240,n02092002_1937,Scottish_deerhound,test,232.0
14241,14241,n02092002_120,Scottish_deerhound,test,232.0
14242,14242,n02092002_2311,Scottish_deerhound,test,232.0
14243,14243,n02092002_1439,Scottish_deerhound,test,232.0
14244,14244,n02092002_14540,Scottish_deerhound,test,232.0
14245,14245,n02092002_11131,Scottish_deerhound,test,232.0
14246,14246,n02092002_847,Scottish_deerhound,test,232.0
14247,14247,n02092002_4394,Scottish_deerhound,test,232.0
14248,14248,n02092002_15342,Scottish_deerhound,test,232.0
14249,14249,n02092002_293,Scottish_deerhound,test,232.0
14250,14250,n02092002_1564,Scottish_deerhound,test,232.0
14251,14251,n02092002_4296,Scottish_deerhound,test,232.0
14252,14252,n02092002_1438,Scottish_deerhound,test,232.0
14253,14253,n02092002_6380,Scottish_deerhound,test,232.0
14254,14254,n02092002_6915,Scottish_deerhound,test,232.0
14255,14255,n02092002_5617,Scottish_deerhound,test,232.0
14256,14256,n02092002_15198,Scottish_deerhound,test,232.0
14257,14257,n02092002_1170,Scottish_deerhound,test,232.0
14258,14258,n02092002_2129,Scottish_deerhound,test,232.0
14259,14259,n02092002_6508,Scottish_deerhound,test,232.0
14260,14260,n02092002_9656,Scottish_deerhound,test,232.0
14261,14261,n02092002_15096,Scottish_deerhound,test,232.0
14262,14262,n02092002_3867,Scottish_deerhound,test,232.0
14263,14263,n02092002_6534,Scottish_deerhound,test,232.0
14264,14264,n02092002_5335,Scottish_deerhound,test,232.0
14265,14265,n02092002_12414,Scottish_deerhound,test,232.0
14266,14266,n02092002_9895,Scottish_deerhound,test,232.0
14267,14267,n02092002_6339,Scottish_deerhound,test,232.0
14268,14268,n02092002_4657,Scottish_deerhound,test,232.0
18193,18193,n02107683_7183,Bernese_mountain_dog,test,218.0
18194,18194,n02107683_4260,Bernese_mountain_dog,test,218.0
18195,18195,n02107683_6200,Bernese_mountain_dog,test,218.0
18196,18196,n02107683_2521,Bernese_mountain_dog,test,218.0
18197,18197,n02107683_2137,Bernese_mountain_dog,test,218.0
18198,18198,n02107683_6378,Bernese_mountain_dog,test,218.0
18199,18199,n02107683_4649,Bernese_mountain_dog,test,218.0
18200,18200,n02107683_5115,Bernese_mountain_dog,test,218.0
18201,18201,n02107683_2913,Bernese_mountain_dog,test,218.0
18202,18202,n02107683_690,Bernese_mountain_dog,test,218.0
18203,18203,n02107683_4494,Bernese_mountain_dog,test,218.0
18204,18204,n02107683_1781,Bernese_mountain_dog,test,218.0
18205,18205,n02107683_7038,Bernese_mountain_dog,test,218.0
18206,18206,n02107683_342,Bernese_mountain_dog,test,218.0
18207,18207,n02107683_3138,Bernese_mountain_dog,test,218.0
18208,18208,n02107683_4386,Bernese_mountain_dog,test,218.0
18209,18209,n02107683_71,Bernese_mountain_dog,test,218.0
18210,18210,n02107683_4884,Bernese_mountain_dog,test,218.0
18211,18211,n02107683_1175,Bernese_mountain_dog,test,218.0
18212,18212,n02107683_4168,Bernese_mountain_dog,test,218.0
18213,18213,n02107683_1412,Bernese_mountain_dog,test,218.0
18214,18214,n02107683_33,Bernese_mountain_dog,test,218.0
18215,18215,n02107683_4018,Bernese_mountain_dog,test,218.0
18216,18216,n02107683_6998,Bernese_mountain_dog,test,218.0
18217,18217,n02107683_160,Bernese_mountain_dog,test,218.0
18218,18218,n02107683_2535,Bernese_mountain_dog,test,218.0
18219,18219,n02107683_5840,Bernese_mountain_dog,test,218.0
18220,18220,n02107683_5026,Bernese_mountain_dog,test,218.0
18221,18221,n02107683_5290,Bernese_mountain_dog,test,218.0
18222,18222,n02107683_1076,Bernese_mountain_dog,test,218.0
18223,18223,n02107683_3760,Bernese_mountain_dog,test,218.0
18224,18224,n02107683_4521,Bernese_mountain_dog,test,218.0
18225,18225,n02107683_5333,Bernese_mountain_dog,test,218.0
18226,18226,n02107683_3931,Bernese_mountain_dog,test,218.0
18227,18227,n02107683_2043,Bernese_mountain_dog,test,218.0
18228,18228,n02107683_697,Bernese_mountain_dog,test,218.0
18229,18229,n02107683_1224,Bernese_mountain_dog,test,218.0
18230,18230,n02107683_4810,Bernese_mountain_dog,test,218.0
18231,18231,n02107683_494,Bernese_mountain_dog,test,218.0
18232,18232,n02107683_4727,Bernese_mountain_dog,test,218.0
18233,18233,n02107683_257,Bernese_mountain_dog,test,218.0
18234,18234,n02107683_1536,Bernese_mountain_dog,test,218.0
18235,18235,n02107683_1707,Bernese_mountain_dog,test,218.0
18236,18236,n02107683_3358,Bernese_mountain_dog,test,218.0
18237,18237,n02107683_2007,Bernese_mountain_dog,test,218.0
18238,18238,n02107683_2881,Bernese_mountain_dog,test,218.0
18239,18239,n02107683_3988,Bernese_mountain_dog,test,218.0
18240,18240,n02107683_4576,Bernese_mountain_dog,test,218.0
18241,18241,n02107683_20,Bernese_mountain_dog,test,218.0
18242,18242,n02107683_3694,Bernese_mountain_dog,test,218.0
18243,18243,n02107683_4947,Bernese_mountain_dog,test,218.0
18244,18244,n02107683_3488,Bernese_mountain_dog,test,218.0
18245,18245,n02107683_2036,Bernese_mountain_dog,test,218.0
18246,18246,n02107683_1400,Bernese_mountain_dog,test,218.0
18247,18247,n02107683_5131,Bernese_mountain_dog,test,218.0
18248,18248,n02107683_5133,Bernese_mountain_dog,test,218.0
18249,18249,n02107683_5751,Bernese_mountain_dog,test,218.0
18250,18250,n02107683_1677,Bernese_mountain_dog,test,218.0
18251,18251,n02107683_357,Bernese_mountain_dog,test,218.0
18252,18252,n02107683_1977,Bernese_mountain_dog,test,218.0
18253,18253,n02107683_906,Bernese_mountain_dog,test,218.0
18254,18254,n02107683_34,Bernese_mountain_dog,test,218.0
18255,18255,n02107683_3351,Bernese_mountain_dog,test,218.0
18256,18256,n02107683_1542,Bernese_mountain_dog,test,218.0
18257,18257,n02107683_705,Bernese_mountain_dog,test,218.0
18258,18258,n02107683_1460,Bernese_mountain_dog,test,218.0
18259,18259,n02107683_6293,Bernese_mountain_dog,test,218.0
18260,18260,n02107683_1317,Bernese_mountain_dog,test,218.0
18261,18261,n02107683_3944,Bernese_mountain_dog,test,218.0
18262,18262,n02107683_2360,Bernese_mountain_dog,test,218.0
18263,18263,n02107683_4907,Bernese_mountain_dog,test,218.0
18264,18264,n02107683_6781,Bernese_mountain_dog,test,218.0
18265,18265,n02107683_2965,Bernese_mountain_dog,test,218.0
18266,18266,n02107683_4411,Bernese_mountain_dog,test,218.0
18267,18267,n02107683_4633,Bernese_mountain_dog,test,218.0
18268,18268,n02107683_6825,Bernese_mountain_dog,test,218.0
18269,18269,n02107683_4688,Bernese_mountain_dog,test,218.0
18270,18270,n02107683_6336,Bernese_mountain_dog,test,218.0
18271,18271,n02107683_3166,Bernese_mountain_dog,test,218.0
18272,18272,n02107683_265,Bernese_mountain_dog,test,218.0
18273,18273,n02107683_3088,Bernese_mountain_dog,test,218.0
18274,18274,n02107683_4788,Bernese_mountain_dog,test,218.0
18275,18275,n02107683_3046,Bernese_mountain_dog,test,218.0
18276,18276,n02107683_2734,Bernese_mountain_dog,test,218.0
18277,18277,n02107683_735,Bernese_mountain_dog,test,218.0
18278,18278,n02107683_4183,Bernese_mountain_dog,test,218.0
18279,18279,n02107683_7202,Bernese_mountain_dog,test,218.0
18280,18280,n02107683_2059,Bernese_mountain_dog,test,218.0
18281,18281,n02107683_2693,Bernese_mountain_dog,test,218.0
18282,18282,n02107683_2664,Bernese_mountain_dog,test,218.0
18283,18283,n02107683_333,Bernese_mountain_dog,test,218.0
18284,18284,n02107683_1003,Bernese_mountain_dog,test,218.0
18285,18285,n02107683_4924,Bernese_mountain_dog,test,218.0
18286,18286,n02107683_4487,Bernese_mountain_dog,test,218.0
18287,18287,n02107683_7196,Bernese_mountain_dog,test,218.0
18288,18288,n02107683_4402,Bernese_mountain_dog,test,218.0
18289,18289,n02107683_4558,Bernese_mountain_dog,test,218.0
18290,18290,n02107683_6151,Bernese_mountain_dog,test,218.0
18291,18291,n02107683_1282,Bernese_mountain_dog,test,218.0
18292,18292,n02107683_5228,Bernese_mountain_dog,test,218.0
18293,18293,n02107683_4410,Bernese_mountain_dog,test,218.0
18294,18294,n02107683_4061,Bernese_mountain_dog,test,218.0
18295,18295,n02107683_4697,Bernese_mountain_dog,test,218.0
18296,18296,n02107683_2902,Bernese_mountain_dog,test,218.0
18297,18297,n02107683_2878,Bernese_mountain_dog,test,218.0
18298,18298,n02107683_5821,Bernese_mountain_dog,test,218.0
18299,18299,n02107683_4200,Bernese_mountain_dog,test,218.0
18300,18300,n02107683_4807,Bernese_mountain_dog,test,218.0
18301,18301,n02107683_6596,Bernese_mountain_dog,test,218.0
18302,18302,n02107683_2683,Bernese_mountain_dog,test,218.0
18303,18303,n02107683_3382,Bernese_mountain_dog,test,218.0
18304,18304,n02107683_2277,Bernese_mountain_dog,test,218.0
18305,18305,n02107683_4653,Bernese_mountain_dog,test,218.0
18306,18306,n02107683_825,Bernese_mountain_dog,test,218.0
18307,18307,n02107683_1468,Bernese_mountain_dog,test,218.0
18308,18308,n02107683_6381,Bernese_mountain_dog,test,218.0
18309,18309,n02107683_4899,Bernese_mountain_dog,test,218.0
18310,18310,n02107683_4194,Bernese_mountain_dog,test,218.0
19605,19605,n02111889_6625,Samoyed,test,218.0
19606,19606,n02111889_15388,Samoyed,test,218.0
19607,19607,n02111889_6076,Samoyed,test,218.0
19608,19608,n02111889_5932,Samoyed,test,218.0
19609,19609,n02111889_8839,Samoyed,test,218.0
19610,19610,n02111889_5776,Samoyed,test,218.0
19611,19611,n02111889_7041,Samoyed,test,218.0
19612,19612,n02111889_5489,Samoyed,test,218.0
19613,19613,n02111889_10206,Samoyed,test,218.0
19614,19614,n02111889_2186,Samoyed,test,218.0
19615,19615,n02111889_17626,Samoyed,test,218.0
19616,19616,n02111889_5267,Samoyed,test,218.0
19617,19617,n02111889_8613,Samoyed,test,218.0
19618,19618,n02111889_2425,Samoyed,test,218.0
19619,19619,n02111889_4027,Samoyed,test,218.0
19620,19620,n02111889_12073,Samoyed,test,218.0
19621,19621,n02111889_3048,Samoyed,test,218.0
19622,19622,n02111889_1340,Samoyed,test,218.0
19623,19623,n02111889_5679,Samoyed,test,218.0
19624,19624,n02111889_7207,Samoyed,test,218.0
19625,19625,n02111889_662,Samoyed,test,218.0
19626,19626,n02111889_1951,Samoyed,test,218.0
19627,19627,n02111889_1937,Samoyed,test,218.0
19628,19628,n02111889_16283,Samoyed,test,218.0
19629,19629,n02111889_1714,Samoyed,test,218.0
19630,19630,n02111889_5121,Samoyed,test,218.0
19631,19631,n02111889_6041,Samoyed,test,218.0
19632,19632,n02111889_7049,Samoyed,test,218.0
19633,19633,n02111889_1772,Samoyed,test,218.0
19634,19634,n02111889_4754,Samoyed,test,218.0
19635,19635,n02111889_2410,Samoyed,test,218.0
19636,19636,n02111889_8626,Samoyed,test,218.0
19637,19637,n02111889_4634,Samoyed,test,218.0
19638,19638,n02111889_1994,Samoyed,test,218.0
19639,19639,n02111889_91,Samoyed,test,218.0
19640,19640,n02111889_464,Samoyed,test,218.0
19641,19641,n02111889_2801,Samoyed,test,218.0
19642,19642,n02111889_6356,Samoyed,test,218.0
19643,19643,n02111889_15299,Samoyed,test,218.0
19644,19644,n02111889_2650,Samoyed,test,218.0
19645,19645,n02111889_9533,Samoyed,test,218.0
19646,19646,n02111889_1444,Samoyed,test,218.0
19647,19647,n02111889_774,Samoyed,test,218.0
19648,19648,n02111889_1451,Samoyed,test,218.0
19649,19649,n02111889_11729,Samoyed,test,218.0
19650,19650,n02111889_1421,Samoyed,test,218.0
19651,19651,n02111889_4950,Samoyed,test,218.0
19652,19652,n02111889_6566,Samoyed,test,218.0
19653,19653,n02111889_14064,Samoyed,test,218.0
19654,19654,n02111889_1485,Samoyed,test,218.0
19655,19655,n02111889_2544,Samoyed,test,218.0
19656,19656,n02111889_6750,Samoyed,test,218.0
19657,19657,n02111889_5786,Samoyed,test,218.0
19658,19658,n02111889_3566,Samoyed,test,218.0
19659,19659,n02111889_4470,Samoyed,test,218.0
19660,19660,n02111889_12771,Samoyed,test,218.0
19661,19661,n02111889_10987,Samoyed,test,218.0
19662,19662,n02111889_6376,Samoyed,test,218.0
19663,19663,n02111889_17192,Samoyed,test,218.0
19664,19664,n02111889_1363,Samoyed,test,218.0
19665,19665,n02111889_5826,Samoyed,test,218.0
19666,19666,n02111889_6781,Samoyed,test,218.0
19667,19667,n02111889_8240,Samoyed,test,218.0
19668,19668,n02111889_2028,Samoyed,test,218.0
19669,19669,n02111889_16666,Samoyed,test,218.0
19670,19670,n02111889_2667,Samoyed,test,218.0
19671,19671,n02111889_6183,Samoyed,test,218.0
19672,19672,n02111889_2366,Samoyed,test,218.0
19673,19673,n02111889_1918,Samoyed,test,218.0
19674,19674,n02111889_6045,Samoyed,test,218.0
19675,19675,n02111889_691,Samoyed,test,218.0
19676,19676,n02111889_12037,Samoyed,test,218.0
19677,19677,n02111889_3409,Samoyed,test,218.0
19678,19678,n02111889_12529,Samoyed,test,218.0
19679,19679,n02111889_1264,Samoyed,test,218.0
19680,19680,n02111889_6955,Samoyed,test,218.0
19681,19681,n02111889_1438,Samoyed,test,218.0
19682,19682,n02111889_3988,Samoyed,test,218.0
19683,19683,n02111889_5965,Samoyed,test,218.0
19684,19684,n02111889_597,Samoyed,test,218.0
19685,19685,n02111889_7042,Samoyed,test,218.0
19686,19686,n02111889_2361,Samoyed,test,218.0
19687,19687,n02111889_2947,Samoyed,test,218.0
19688,19688,n02111889_11502,Samoyed,test,218.0
19689,19689,n02111889_475,Samoyed,test,218.0
19690,19690,n02111889_2835,Samoyed,test,218.0
19691,19691,n02111889_1,Samoyed,test,218.0
19692,19692,n02111889_2677,Samoyed,test,218.0
19693,19693,n02111889_6595,Samoyed,test,218.0
19694,19694,n02111889_1145,Samoyed,test,218.0
19695,19695,n02111889_5598,Samoyed,test,218.0
19696,19696,n02111889_4408,Samoyed,test,218.0
19697,19697,n02111889_6249,Samoyed,test,218.0
19698,19698,n02111889_6811,Samoyed,test,218.0
19699,19699,n02111889_6622,Samoyed,test,218.0
19700,19700,n02111889_1762,Samoyed,test,218.0
19701,19701,n02111889_8870,Samoyed,test,218.0
19702,19702,n02111889_5474,Samoyed,test,218.0
19703,19703,n02111889_10059,Samoyed,test,218.0
19704,19704,n02111889_2914,Samoyed,test,218.0
19705,19705,n02111889_3476,Samoyed,test,218.0
19706,19706,n02111889_15995,Samoyed,test,218.0
19707,19707,n02111889_3400,Samoyed,test,218.0
19708,19708,n02111889_7491,Samoyed,test,218.0
19709,19709,n02111889_15376,Samoyed,test,218.0
19710,19710,n02111889_195,Samoyed,test,218.0
19711,19711,n02111889_15038,Samoyed,test,218.0
19712,19712,n02111889_1995,Samoyed,test,218.0
19713,19713,n02111889_4194,Samoyed,test,218.0
19714,19714,n02111889_5769,Samoyed,test,218.0
19715,19715,n02111889_1020,Samoyed,test,218.0
19716,19716,n02111889_10084,Samoyed,test,218.0
19717,19717,n02111889_6333,Samoyed,test,218.0
19718,19718,n02111889_1984,Samoyed,test,218.0
19719,19719,n02111889_5738,Samoyed,test,218.0
19720,19720,n02111889_3471,Samoyed,test,218.0
19721,19721,n02111889_16090,Samoyed,test,218.0
19722,19722,n02111889_17211,Samoyed,test,218.0
19723,19723,n02112018_692,Pomeranian,test,219.0
19724,19724,n02112018_6121,Pomeranian,test,219.0
19725,19725,n02112018_1389,Pomeranian,test,219.0
19726,19726,n02112018_2846,Pomeranian,test,219.0
19727,19727,n02112018_1561,Pomeranian,test,219.0
19728,19728,n02112018_2277,Pomeranian,test,219.0
19729,19729,n02112018_5697,Pomeranian,test,219.0
19730,19730,n02112018_7103,Pomeranian,test,219.0
19731,19731,n02112018_5807,Pomeranian,test,219.0
19732,19732,n02112018_14482,Pomeranian,test,219.0
19733,19733,n02112018_1584,Pomeranian,test,219.0
19734,19734,n02112018_9753,Pomeranian,test,219.0
19735,19735,n02112018_5738,Pomeranian,test,219.0
19736,19736,n02112018_1486,Pomeranian,test,219.0
19737,19737,n02112018_5330,Pomeranian,test,219.0
19738,19738,n02112018_2218,Pomeranian,test,219.0
19739,19739,n02112018_11233,Pomeranian,test,219.0
19740,19740,n02112018_8161,Pomeranian,test,219.0
19741,19741,n02112018_3090,Pomeranian,test,219.0
19742,19742,n02112018_5349,Pomeranian,test,219.0
19743,19743,n02112018_12513,Pomeranian,test,219.0
19744,19744,n02112018_869,Pomeranian,test,219.0
19745,19745,n02112018_12586,Pomeranian,test,219.0
19746,19746,n02112018_6319,Pomeranian,test,219.0
19747,19747,n02112018_6227,Pomeranian,test,219.0
19748,19748,n02112018_5959,Pomeranian,test,219.0
19749,19749,n02112018_2483,Pomeranian,test,219.0
19750,19750,n02112018_8351,Pomeranian,test,219.0
19751,19751,n02112018_6190,Pomeranian,test,219.0
19752,19752,n02112018_904,Pomeranian,test,219.0
19753,19753,n02112018_10309,Pomeranian,test,219.0
19754,19754,n02112018_2207,Pomeranian,test,219.0
19755,19755,n02112018_5888,Pomeranian,test,219.0
19756,19756,n02112018_14257,Pomeranian,test,219.0
19757,19757,n02112018_7341,Pomeranian,test,219.0
19758,19758,n02112018_7127,Pomeranian,test,219.0
19759,19759,n02112018_6110,Pomeranian,test,219.0
19760,19760,n02112018_3064,Pomeranian,test,219.0
19761,19761,n02112018_5812,Pomeranian,test,219.0
19762,19762,n02112018_4813,Pomeranian,test,219.0
19763,19763,n02112018_2786,Pomeranian,test,219.0
19764,19764,n02112018_7707,Pomeranian,test,219.0
19765,19765,n02112018_290,Pomeranian,test,219.0
19766,19766,n02112018_9926,Pomeranian,test,219.0
19767,19767,n02112018_2991,Pomeranian,test,219.0
19768,19768,n02112018_4583,Pomeranian,test,219.0
19769,19769,n02112018_12519,Pomeranian,test,219.0
19770,19770,n02112018_12137,Pomeranian,test,219.0
19771,19771,n02112018_336,Pomeranian,test,219.0
19772,19772,n02112018_10158,Pomeranian,test,219.0
19773,19773,n02112018_2336,Pomeranian,test,219.0
19774,19774,n02112018_1816,Pomeranian,test,219.0
19775,19775,n02112018_6832,Pomeranian,test,219.0
19776,19776,n02112018_2711,Pomeranian,test,219.0
19777,19777,n02112018_5700,Pomeranian,test,219.0
19778,19778,n02112018_2154,Pomeranian,test,219.0
19779,19779,n02112018_9263,Pomeranian,test,219.0
19780,19780,n02112018_7019,Pomeranian,test,219.0
19781,19781,n02112018_7460,Pomeranian,test,219.0
19782,19782,n02112018_598,Pomeranian,test,219.0
19783,19783,n02112018_2790,Pomeranian,test,219.0
19784,19784,n02112018_6149,Pomeranian,test,219.0
19785,19785,n02112018_5961,Pomeranian,test,219.0
19786,19786,n02112018_541,Pomeranian,test,219.0
19787,19787,n02112018_2314,Pomeranian,test,219.0
19788,19788,n02112018_4936,Pomeranian,test,219.0
19789,19789,n02112018_1621,Pomeranian,test,219.0
19790,19790,n02112018_354,Pomeranian,test,219.0
19791,19791,n02112018_13636,Pomeranian,test,219.0
19792,19792,n02112018_3917,Pomeranian,test,219.0
19793,19793,n02112018_3666,Pomeranian,test,219.0
19794,19794,n02112018_13691,Pomeranian,test,219.0
19795,19795,n02112018_12493,Pomeranian,test,219.0
19796,19796,n02112018_1518,Pomeranian,test,219.0
19797,19797,n02112018_13581,Pomeranian,test,219.0
19798,19798,n02112018_2931,Pomeranian,test,219.0
19799,19799,n02112018_1463,Pomeranian,test,219.0
19800,19800,n02112018_1462,Pomeranian,test,219.0
19801,19801,n02112018_3867,Pomeranian,test,219.0
19802,19802,n02112018_3494,Pomeranian,test,219.0
19803,19803,n02112018_554,Pomeranian,test,219.0
19804,19804,n02112018_13930,Pomeranian,test,219.0
19805,19805,n02112018_4597,Pomeranian,test,219.0
19806,19806,n02112018_7552,Pomeranian,test,219.0
19807,19807,n02112018_4206,Pomeranian,test,219.0
19808,19808,n02112018_8745,Pomeranian,test,219.0
19809,19809,n02112018_11641,Pomeranian,test,219.0
19810,19810,n02112018_5936,Pomeranian,test,219.0
19811,19811,n02112018_2271,Pomeranian,test,219.0
19812,19812,n02112018_5860,Pomeranian,test,219.0
19813,19813,n02112018_653,Pomeranian,test,219.0
19814,19814,n02112018_12853,Pomeranian,test,219.0
19815,19815,n02112018_6113,Pomeranian,test,219.0
19816,19816,n02112018_12750,Pomeranian,test,219.0
19817,19817,n02112018_5094,Pomeranian,test,219.0
19818,19818,n02112018_5165,Pomeranian,test,219.0
19819,19819,n02112018_4815,Pomeranian,test,219.0
19820,19820,n02112018_919,Pomeranian,test,219.0
19821,19821,n02112018_12020,Pomeranian,test,219.0
19822,19822,n02112018_3033,Pomeranian,test,219.0
19823,19823,n02112018_5515,Pomeranian,test,219.0
19824,19824,n02112018_4035,Pomeranian,test,219.0
19825,19825,n02112018_11557,Pomeranian,test,219.0
19826,19826,n02112018_1954,Pomeranian,test,219.0
19827,19827,n02112018_7157,Pomeranian,test,219.0
19828,19828,n02112018_6182,Pomeranian,test,219.0
19829,19829,n02112018_3203,Pomeranian,test,219.0
19830,19830,n02112018_5554,Pomeranian,test,219.0
19831,19831,n02112018_4928,Pomeranian,test,219.0
19832,19832,n02112018_4296,Pomeranian,test,219.0
19833,19833,n02112018_7802,Pomeranian,test,219.0
19834,19834,n02112018_14468,Pomeranian,test,219.0
19835,19835,n02112018_5840,Pomeranian,test,219.0
19836,19836,n02112018_1090,Pomeranian,test,219.0
19837,19837,n02112018_5778,Pomeranian,test,219.0
19838,19838,n02112018_1556,Pomeranian,test,219.0
19839,19839,n02112018_2380,Pomeranian,test,219.0
19840,19840,n02112018_3097,Pomeranian,test,219.0
19841,19841,n02112018_3464,Pomeranian,test,219.0
